,,,,,,,Lack of Data,,,,,,,,"Constant value over time i.e. the current, best and worst values are same and thus the index has been replaced with 0.5",,,,,,,,,,,
,,,,,,,,,,,,,,,,,,,,,,,,,,
,,,,,,,,,,,,,,,,,,,,,,,,,,
,Category,Weight（%）,Key Indicator,Weight（%）,Indicator,Weight（%）,Sub-indicator,Weight（%）,Unit,Most Current Value,worst,Best,Index,Index values ,Index*weights,subcategory value,subcategory value* subcategory weight,Category Value,Category Value*Category Weight,Super category, Super category weight,Worst/ Best Link,Link,Remarks,Access date,
OHI,External drivers index (EDI),33.33,Earth system,20,Land,20,Country area,25,sq km,"32,87,263","32,87,263","32,87,263",#DIV/0!,0.5,0.125,0.625,0.125,0.551249255,0.110249851,0.603078022,0.201005905,,"https://knowindia.india.gov.in/profile/india-at-a-glance.php#:~:text=India%20covers%20an%20area%20of,country%20a%20distinct%20geographical%20entity.",,,
,,,,,,,Cultivated area,25,Mn ha,130.5,123.2,130.5,1,1,0.25,,,,,,,"https://www.statista.com/statistics/765823/india-area-of-cultivation-for-food-grains/#:~:text=At%20the%20end%20of%20fiscal,by%20the%20south%20Asian%20nation.",https://agricoop.gov.in/Documents/annual_report_english_2022_23.pdf,,,
,,,,,,,Arable land area,25,ha,"18,08,88,000","15,58,06,000","18,08,88,000",1,1,0.25,,,,,,,https://www.macrotrends.net/countries/IND/india/arable-land,https://agricoop.gov.in/Documents/annual_report_english_2022_23.pdf,,28-11-2023,
,,,,,,,Terrain ruggedness index,25,m,101.3,,,#DIV/0!,0,0,,,,,,,,https://ourworldindata.org/grapher/terrain-ruggedness-index,Data available for only 1996,,
,,,,,Forest,20,Forest area,25,sq km,"7,13,789",638804,794200,0.482541378,0.482541378,0.120635345,0.594860691,0.118972138,,,,,https://fsi.nic.in/documents/sfr_2003_hindi.pdf,https://pib.gov.in/PressReleasePage.aspx?PRID=1906388,,27-11-2023,
,,,,,,,Forest transition phase,25,ha,97412.9,7406.7,101263.5,0.958973671,0.958973671,0.239743418,,,,,,,"https://pib.gov.in/newsite/printrelease.aspx?relid=132571#:~:text=According%20to%20the%20India%20State,of%20the%20total%20geographical%20area.",https://www.indiastat.com/table/diversion-of-forest-land/state-wise-area-compensatory-afforestation-under-f/1446507,,,
,,,,,,,Trees cover (loss),25,kha,123,189,47.8,0.467422096,0.467422096,0.116855524,,,,,,,,https://www.globalforestwatch.org/dashboards/country/IND/?category=forest-change,,27-11-2023,
,,,,,,,Permanent deforestation,25,kha,121,188,45.6,0.470505618,0.470505618,0.117626404,,,,,,,,https://www.globalforestwatch.org/dashboards/country/IND/?category=forest-change,,27-11-2023,
,,,,,Water,20,Renewable water resources,33,cubic m/year,1384.7,1384.7,3365,0,0,0,0.174678445,0.034935689,,,,,https://data.apps.fao.org/aquastat/?lang=en,"https://knoema.com/atlas/India/topics/Water/Total-Renewable-Water-Resources/Renewable-water-resources-per-capita#:~:text=In%202020%2C%20renewable%20water%20resources,meters%20per%20year%20in%202020.",,,
,,,,,,,Water dependency ratio,33,%,30.52,30.52,30.52,#DIV/0!,0.5,0.165,,,,,,,FAO AQUASTAT Dissemination System,https://knoema.com/atlas/India/Dependency-ratio,,,
,,,,,,,Water stress,33,%,66.49,67.32,39.02,0.029328622,0.029328622,0.009678445,,,,,,,https://data.worldbank.org/indicator/ER.H2O.FWST.ZS?most_recent_value_desc=true&locations=IN,https://pib.gov.in/PressReleasePage.aspx?PRID=1604871  ,,,
,,,,,Air,20,Co₂ emissions,50,kt,2200836,2458176,563575,0.135828071,0.135828071,0.067914036,0.477276586,0.095455317,,,,,https://data.worldbank.org/indicator/EN.ATM.CO2E.KT?locations=IN,https://thewire.in/environment/global-carbon-emissions-on-rise-indias-levels-to-go-up-by-6-in-2022-say-scientists-at-cop27,,,
,,,,,,,Air pollution index,50,,103,514,12,0.8187251,0.8187251,0.40936255,,,,,,,https://www.iqair.com/in-en/india,https://www.aqi.in/in/dashboard/india,,,
,,,,,Natural disasters,20,Disasters death rate,33,No. of deaths,2343,5686,886,0.696458333,0.696458333,0.22983125,0.884430552,0.17688611,,,,,"https://www.statista.com/statistics/1007056/india-number-of-deaths-due-to-natural-disasters/#:~:text=Number%20of%20deaths%20due%20to%20natural%20disasters%20in%20India%20FY%202008%2D2020&text=Nearly%202%2C400%20human%20lives%20were,highest%20figure%20reported%20since%202014.",https://www.indiatoday.in/diu/story/300-disasters-80-000-deaths-100-crore-affected-india-s-two-decade-tryst-with-natural-calamities-1767202-2021-02-08,"https://www.atlas-mag.net/en/article/natural-disasters-risk-in-india#:~:text=According%20to%20the%20report%20of,had%20reported%20321%20catastrophic%20events.","https://www.undrr.org/media/48008/download?startDownload=true#:~:text=In%20total%2C%20as%20seen%20in,trillion2%20in%20economic%20losses%20worldwide.",
,,,,,,,Disaster economic loss,33,,3000,26430000,500,0.999905409,0.999905409,0.329968785,,,,,,,www.emdat.be,"https://www.newindianexpress.com/nation/2023/jul/27/climate-change-induced-substantial-economic-losses-for-india-in-2022-2599138.html#:~:text=Overall%2C%20natural%20hazard%20events%20directly,US$%2036%20billion%20in%20damages.",2022,,
,,,,,,,Disasters affected population,33,,5399070,331816500,31,0.98372884,0.98372884,0.324630517,,,,,,,www.emdat.be,Source: United Nations Office for Disaster Risk Reduction      https://www.indiatoday.in/diu/story/300-disasters-80-000-deaths-100-crore-affected-india-s-two-decade-tryst-with-natural-calamities-1767202-2021-02-08,,,
,,,Institutional system,20,Justice,50,Unsentenced detainees,20,% of total prison population,77.1,67.2,77.1,1,1,0.2,0.618166605,0.309083302,0.597107535,0.119421507,,,,https://www.statista.com/statistics/1170574/india-share-of-unsentenced-prisoners/      https://www.thehindu.com/data/data-70-prisoners-in-india-are-undertrials/article32569643.ece,,,
,,,,,,,Property rights,20,points,49,49,63,0,0,0,,,,,,,,"https://www.internationalpropertyrightsindex.org/country/india   https://www.theglobaleconomy.com/India/herit_property_rights/#:~:text=Property%20rights%20index%20(0%2D100)&text=For%20that%20indicator%2C%20we%20provide,from%202023%20is%2050%20points.",2020,,
,,,,,,,Corruption perception index,20,points,39,2.78,41,0.947671376,0.947671376,0.189534275,,,,,,,,"https://www.transparency.org/en/countries/india    https://tradingeconomics.com/india/corruption-rank#:~:text=source%3A%20Transparency%20International-,India%20is%20the%2085%20least%20corrupt%20nation%20out%20of%20180,Index%20reported%20by%20Transparency%   https://www.theglobaleconomy.com/India/transparency_corruption/",,,
,,,,,,,Press freedom index,20,points,36.62,29.33,58,0.254272759,0.254272759,0.050854552,,,,,,,https://www.themirrority.com/data/press-freedom-index,https://rsf.org/en/2023-world-press-freedom-index-journalism-threatened-fake-content-industry,,,       https://www.thehindu.com/news/national/india-slips-in-world-press-freedom-index-ranks-161-out-of-180-countries/article66806608.ece
,,,,,,,Affordability of justice,20,points,0.39,0.31,0.4,0.888888889,0.888888889,0.177777778,,,,,,, https://dashboards.sdgindex.org/explorer?metric=access-to-and-affordability-of-justice,https://indiajusticereport.org/files/IJR%202022_Full_Report1.pdf     https://scroll.in/article/943185/in-six-charts-the-state-of-justice-in-india    https://pib.gov.in/PressReleaseIframePage.aspx?PRID=1983953      ,Statewise data of highest scores available,,
,,,,,Governance,50,Voice and accountability,10,points,0.11,0.11,0.48,0,0,0,0.576048465,0.288024233,,,,,,"https://www.theglobaleconomy.com/India/wb_voice_accountability/#:~:text=Voice%20and%20accountability%20index%20(%2D2.5%20weak%3B%202.5%20strong)&text=The%20average%20value%20for%20India,192%20countries%20is%20%2D0.05%20points.",,,
,,,,,,,Government spending,10,Bn,3735.13,800,4852.84,0.724215612,0.724215612,0.072421561,,,,,,,"https://indiabudget.gov.in/doc/Budget_at_Glance/bag6.pdf   https://tradingeconomics.com/india/government-spending#:~:text=Government%20Spending%20in%20India%20averaged,Statistics%20and%20Programme%20Implementation%20(MOSPI)","https://prsindia.org/budgets/parliament/union-budget-2022-23-analysis#:~:text=Total%20Expenditure%3A%20The%20government%20is,revised%20estimate%20of%202021%2D22.",,,
,,,,,,,Public social expenditure,10,Bn,8280,3482.8,8280,1,1,0.1,,,,,,,,"https://pib.gov.in/Pressreleaseshare.aspx?PRID=1793817#:~:text=Social%20Sector%20Expenditure,crore%20from%20the%20budgeted%20amount.",,,
,,,,,,,Public education expenditure,10,%GDP,9.5,9.1,10.7,0.25,0.25,0.025,,,,,,,https://data.worldbank.org/indicator/SE.XPD.TOTL.GD.ZS?locations=IN,"https://www.education.gov.in/sites/upload_files/mhrd/files/statistics-new/budget_exp.pdf    https://opportunities-insight.britishcouncil.org/blog/india%E2%80%99s-national-education-budget-2023-24#:~:text=According%20to%20India's%20latest%20Economic,for%20the%20last%20four%20years.",,,
,,,,,,,Public health expenditure,10,%GDP,2.96,2.96,4.26,0,0,0,,,,,,,https://data.worldbank.org/indicator/SH.XPD.CHEX.GD.ZS?locations=IN,"https://www.statista.com/statistics/1343739/india-health-expenditure-by-major-head/#:~:text=In%20financial%20year%202022%2C%20the,on%20the%20National%20Health%20Mission.",,,
,,,,,,,Political stability,10,points,-0.57,-1.51,-0.57,1,1,0.1,,,,,,,,"https://www.theglobaleconomy.com/India/wb_political_stability/#:~:text=Political%20stability%20index%20(%2D2.5%20weak%3B%202.5%20strong)&text=The%20average%20value%20for%20India,193%20countries%20is%20%2D0.07%20points.    https://www.internationalpropertyrightsindex.org/country/india",2021,"(-2.5,-2.5)",
,,,,,,,Government effectiveness,10,points,0.37033,-0.22216,0.37504,0.992113195,0.992113195,0.099211319,,,,,,,Home | Worldwide Governance Indicators (worldbank.org),"https://www.theglobaleconomy.com/India/wb_government_effectiveness/#:~:text=Government%20effectiveness%20index%20(%2D2.5%20weak%3B%202.5%20strong)&text=The%20latest%20value%20from%202021,to%20compare%20trends%20over%20time.",2021,"(-2.5,-2.5)",
,,,,,,,Regulatory quality,10,points,-0.08,-0.55,-0.08,1,1,0.1,,,,,,,,"https://www.theglobaleconomy.com/India/wb_regulatory_quality/#:~:text=Regulatory%20quality%20index%20(%2D2.5%20weak%3B%202.5%20strong)&text=The%20average%20value%20for%20India,191%20countries%20is%20%2D0.04%20points.",2022,"(-2.5,-2.5)",
,,,,,,,Rule of law,10,points,-0.08,-0.09,0.35,0.022727273,0.022727273,0.002272727,,,,,,,,https://www.theglobaleconomy.com/India/wb_ruleoflaw/,2019,0.49 (2023),https://worldjusticeproject.org/rule-of-law-index/country/India
,,,,,,,Control of corruption,10,points,-0.29,-0.56,-0.21,0.771428571,0.771428571,0.077142857,,,,,,,,https://www.theglobaleconomy.com/India/wb_corruption/   https://www.internationalpropertyrightsindex.org/country/india,2022,"(-2.5,-2.5)",
,,,Economic system,20,Finance,33.33,GDP,20,%,7.2,-5.83,9.1,0.872739451,0.872739451,0.17454789,0.848636719,0.282850619,0.373832055,0.074766411,,,,https://www.imf.org/external/datamapper/profile/IND    https://data.worldbank.org/indicator/NY.GDP.MKTP.KD.ZG?locations=IN,2023,,
,,,,,,,GDP deflator,20,points,170.3,2.4,170.3,1,1,0.2,,,,,,,"https://tradingeconomics.com/india/gdp-deflator#:~:text=GDP%20Deflator%20in%20India%20increased,Statistics%20and%20Programme%20Implementation%20(MOSPI)",https://tradingeconomics.com/india/gdp-deflator    https://data.worldbank.org/indicator/NY.GDP.DEFL.ZS?locations=IN,,,2000-49.5
,,,,,,,Revenue excluding grants,20,%GDP,13.19,9.4,14.44,0.751984127,0.751984127,0.150396825,,,,,,,https://dashboards.sdgindex.org/explorer?metric=other-countries-government-revenue-excluding-grants       https://statrealm.com/sector/economy/revenue-excluding-grants-percent-of-gdp/IND,https://www.indiabudget.gov.in/doc/rec/ar.pdf,2021,11.4-2009,
,,,,,,,grants and other revenues,20,Rupees,2.21177E+12,1.4537E+11,2.61758E+12,0.835851323,0.835851323,0.167170265,,,,,,,"https://databank.worldbank.org/metadataglossary/world-development-indicators/series/GC.REV.GOTR.CN#:~:text=Grants%20and%20other%20revenue%20include,ownership%20of%20property)%3B%20and",,2018,,
,,,,,,,Adjusted GDP growth,20,%Real GDP change annual ,6.8,-5.8,10.3,0.782608696,0.782608696,0.156521739,,,,,,,,https://www.imf.org/external/datamapper/NGDP_RPCH@WEO/IND?zoom=IND&highlight=IND,,,
,,,,,Work,33.33,Labor force participation,25,rate,42.4,36.9,57.2,0.270935961,0.270935961,0.06773399,0.272971606,0.090981436,,,,,,"https://www.ceicdata.com/en/indicator/india/labour-force-participation-rate#:~:text=India%20Labour%20Force%20Participation%20Rate%20increased%20to%2042.4%20%25%20in%20Dec,an%20average%20rate%20of%2054.2%20%25%20.",,,
,,,,,,,Unemployment,25,%,7.33,6.51,10.2,0.222222222,0.222222222,0.055555556,,,,,,,,https://www.forbesindia.com/article/explainers/unemployment-rate-in-india/87441/1   https://www.macrotrends.net/countries/IND/india/unemployment-rate,2022,"https://www.macrotrends.net/countries/IND/india/unemployment-rate#:~:text=India%20unemployment%20rate%20for%202022,a%201.14%25%20decline%20from%202018.",
,,,,,,,Annual working hours,25,annual hours,2122.94068,2063.62297,2496,0.137189781,0.137189781,0.034297445,,,,,,,https://fred.stlouisfed.org/series/AVHWPEINA065NRUG,https://thewire.in/labour/indians-work-longest-earn-least-with-virtually-no-time-for-leisure-ilo-report     ,2019,28-11-2023,
,,,,,,,Youth condition,25,%share of total population,27.2,26.6,27.9,0.461538462,0.461538462,0.115384615,,,,,,,,https://mospi.gov.in/sites/default/files/publication_reports/Youth_in_India_2022.pdf,,,
,,,,,Housing,33.33,Own outright,50,,,,,#DIV/0!,0,0,0,0,,,,,,,,,
,,,,,,,Rent at reduced/subsidized price,50,,,,,#DIV/0!,0,0,,,,,,,https://www.oecd-ilibrary.org/sites/f798cf84-en/index.html?itemId=/content/component/f798cf84-en    https://smartnet.niua.org/sites/default/files/resources/Affordable%20Housing-ICC%20-%20Final.pdf,https://cprindia.org/wp-content/uploads/2022/03/RentalHousing-overview-India-Shubhagato.pdf,,,
,,,Sociological system,20,Demography,33.33,Natural population growth,20,persons per 1000,10.14,10.14,75,0,0,0,0.772657534,0.257526756,0.720273166,0.144054633,,,https://knoema.com/atlas/India/topics/Demographics/Population/Rate-of-natural-increase   https://www.macrotrends.net/countries/IND/india/population-growth-rate,https://knoema.com/atlas/India/topics/Demographics/Population/Rate-of-natural-increase   https://www.macrotrends.net/countries/IND/india/population-growth-rate,,,
,,,,,,,Life expectancy,20,years,67.2,41.7,70.9,0.873287671,0.873287671,0.174657534,,,,,,,https://population.un.org/wpp/Download/Standard/MostUsed/,"https://www.macrotrends.net/countries/IND/india/life-expectancy#:~:text=The%20current%20life%20expectancy%20for,a%200.33%25%20increase%20from%202020.",,,
,,,,,,,Child and infant mortality,20,deaths per 1000 live births,25.5,189,25.5,1,1,0.2,,,,,,,https://www.macrotrends.net/countries/IND/india/infant-mortality-rate,"https://www.statista.com/statistics/806931/infant-mortality-in-india/#:~:text=Infant%20mortality%20rate%20in%20India%202021&text=In%202021%2C%20the%20infant%20mortality,significant%20decrease%20from%20previous%20years.&text=The%20infant%20mortality%20rate%20is,age%20per%201%2C000%20live%20births.",2021,,
,,,,,,,Total fertility rate,20,births per woman,2.139,6,2.1,0.99,0.99,0.198,,,,,,,(worst) -https://main.mohfw.gov.in/sites/default/files/08%20ChapterAN2018-19.pdf,"https://www.macrotrends.net/countries/IND/india/fertility-rate#:~:text=The%20current%20fertility%20rate%20for,a%200.95%25%20decline%20from%202020.",,,
,,,,,,,Urbanization,20,% total population,35.87,27.67,35.87,1,1,0.2,,,,,,,https://www.statista.com/statistics/271312/urbanization-in-india/,https://www.macrotrends.net/countries/IND/india/urban-population,2022,,
,,,,,Education,33.33,Education enrollment,12.5,crores,4.14,0.15,4.14,1,1,0.125,0.639672388,0.213202807,,,,,https://www.educationforallinindia.com/SESall-india-time-series-2005-06.pdf,"https://pib.gov.in/PressReleasePage.aspx?PRID=1894517#:~:text=Government%20Universities%20(59%25%20of%20total,%2D15%20to%202020%2D21.   ",,,
,,,,,,,Literacy,12.5,%,77.7,40.76,77.7,1,1,0.125,,,,,,,,https://www.theglobalstatistics.com/literacy-rate-in-india/,,,
,,,,,,,PISA score,12.5,,,,,#DIV/0!,0,0,,,,,,,,,India doesn't participate,,
,,,,,,,Science performance,12.5,score,38.1,31.7,38.1,1,1,0.125,,,,,,,https://www.wipo.int/edocs/pubdocs/en/wipo-pub-2000-2023/in.pdf,"https://www.themirrority.com/data/global-innovation-index#:~:text=OVERALL%20PERFORMANCE&text=In%202023%2C%20India%20got%20an,form%20of%20tangible%20creative%20outputs.      https://pib.gov.in/PressReleasePage.aspx?PRID=1886528",2013-2023,,
,,,,,,,Higher education,12.5,,41.4,0.4,41.4,1,1,0.125,,,,,,,,"https://pib.gov.in/PressReleasePage.aspx?PRID=1894517#:~:text=Government%20Universities%20(59%25%20of%20total,%2D15%20to%202020%2D21.  https://www.education.gov.in/sites/upload_files/mhrd/files/statistics-new/aishe_eng.pdf",,,
,,,,,,,Expenditure on research,12.5,,0.64,0.618,0.82,0.108910891,0.108910891,0.013613861,,,,,,,,https://dst.gov.in/sites/default/files/R%26D%20Statistics%20at%20a%20Glance%2C%202022-23.pdf,,,
,,,,,,,Female graduates,12.5,%out of 1000,452.41446,452.13784,484.80353,0.008468212,0.008468212,0.001058527,,,,,,,https://genderdata.worldbank.org/indicators/se-ter-grad-fe-zs/?geos=IND_AUS_JPN_IDN_NLD&view=correlation,"https://genderdata.worldbank.org/indicators/se-ter-grad-fe-zs/?year=2013      https://pib.gov.in/PressReleseDetailm.aspx?PRID=1894517#:~:text=The%20Female%20enrolment%20has%20increased,49%25%20in%202020%2D21.",2013-2018 share of female graduates,,
,,,,,,,Researchers’ population,12.5,per million inhabitatnt,252.70392,109.72807,252.70392,1,1,0.125,,,,,,,,SDG Country Profiles,,,
,,,,,Inequalities,33.33,Gini coefficient,20,,32.8,35.9,31.6,0.720930233,0.720930233,0.144186047,0.748705679,0.249543603,,,,,,https://data.worldbank.org/indicator/SI.POV.GINI?locations=IN,2021,,
,,,,,,,Palma ratio,20,,1.5,3.09,1.5,1,1,0.2,,,,,,,Income Distribution Database : by country - INEQUALITY (oecd.org),"https://www.orfonline.org/expert-speak/india-grows-but-inequality-too-rises/#:~:text=According%20to%20the%20report%20all,also%20important%20for%20reducing%20inequality.",2017,,
,,,,,,,Human development index,20,,0.633,0.434,0.645,0.943127962,0.943127962,0.188625592,,,,,,,,https://countryeconomy.com/hdi/india  ,2021,,
,,,,,,,Poverty rate,20,rate,83.8,82.6,97.7,0.079470199,0.079470199,0.01589404,,,,,,,https://www.macrotrends.net/countries/IND/india/poverty-rate,"https://www.undp.org/india/publications/national-multidimensional-poverty-index-progress-review-2023   https://www.drishtiias.com/current-affairs-news-analysis-editorials/news-editorials/2023-07-20#:~:text=What%20is%20the%20Status%20of,the%20poverty%20rate%20was%205.27%25.",2023,,
,,,,,,,Gender inequality index,20,,0.62,0.56,0.62,1,1,0.2,,,,,,,https://www.fao.org/aquastat/statistics/query/results.html,https://www.cnbctv18.com/india/economic-survey-2023-india-has-made-significant-progress-in-gender-equality-15809351.htm,2023,ad 5th Dec 2023,
,,,Technological system,20,Transport,33.33,Railway travel,50, Bn passengers,3.52,0.0011812,8.2,0.429186068,0.429186068,0.214593034,0.461193841,0.153715907,0.772928099,0.15458562,,,,https://www.statista.com/statistics/726386/india-railway-passenger-traffic/ ,,,
,,,,,,,Air travel,50,Mn passengers,83964797,2671600,167499116,0.493201614,0.493201614,0.246600807,,,,,,,,https://data.worldbank.org/indicator/IS.AIR.PSGR?locations=IN    ,,,
,,,,,Technology adoption,33.33,Internet population,16.6,Mn users,43,0,43,1,1,0.166,0.979306215,0.326402761,,,,,,"https://www.statista.com/statistics/255146/number-of-internet-users-in-india/     https://datacommons.org/place/country/IND/?utm_medium=explore&mprop=count&popt=Person&cpv=isInternetUser,True&hl=en    WB",,,
,,,,,,,Motor vehicle ownership,16.6,thousand vehicle,326299,50,326299,1,1,0.166,,,,,,,,"https://www.ceicdata.com/en/india/number-of-registered-motor-vehicles/registered-motor-vehicles-total#:~:text=India%20Registered%20Motor%20Vehicles%3A%20Total%20data%20was%20reported%20at%20326%2C299.000,295%2C772.000%20Unit%20th%20for%202019.",2020,,
,,,,,,,Mobile cellular subscriptions,16.6,Bn subscription,1.14,0,1.18,0.966101695,0.966101695,0.160372881,,,,,,,,https://data.worldbank.org/indicator/IT.CEL.SETS?locations=IN,2022,,
,,,,,,,Logistics performance index,16.6,,3.4,3.12,3.42,0.933333333,0.933333333,0.154933333,,,,,,,https://www.themirrority.com/data/logistics-performance-index,"https://www.pib.gov.in/PressReleasePage.aspx?PRID=1919925#:~:text=India%20improves%20in%20the%20logistics,Performance%20Index%20(LPI%202023).      https://data.worldbank.org/indicator/LP.LPI.OVRL.XQ",2023,,
,,,,,,,Access to electricity,16.6,% of population,99.57,50.9,99.57,1,1,0.166,,,,,,,,"https://data.worldbank.org/indicator/EG.ELC.ACCS.ZS   https://www.macrotrends.net/countries/IND/india/electricity-access-statistics#:~:text=Access%20to%20electricity%20is%20the,a%203.07%25%20increase%20from%202020.",,,
,,,,,,,Share of renewable energy,16.6,Bn KWh,170.9,0,170.9,1,1,0.166,,,,,,,,https://www.indiabudget.gov.in/economicsurvey/doc/Statistical-Appendix-in-English.pdf        ,,https://www.statista.com/statistics/1300330/india-renewables-share-electricity-mix/,
,,,,,Consumption and production,33.33,Energy consumption,14.2,Ktoe,1135277,283921,1135277,1,1,0.142,0.878516143,0.29280943,,,,,,"https://www.enerdata.net/estore/energy-market/india/#:~:text=Total%20energy%20consumption%20per%20capita,2022%20for%20the%20first%20time.",2021-22,,
,,,,,,,Electricity consumption,14.2,TWh,1255,16.3,1255,1,1,0.142,,,,,,,http://www.indiaenvironmentportal.org.in/content/413926/growth-of-electricity-sector-in-india-from-1947-2015/,"https://www.enerdata.net/estore/energy-market/india/#:~:text=Total%20energy%20consumption%20per%20capita,2022%20for%20the%20first%20time.",2023,,
,,,,,,,Solid waste,14.2,Mn Tons,62,6,62,1,1,0.142,,,,,,,,"https://www.trade.gov/market-intelligence/india-solid-waste-management#:~:text=According%20to%20a%20report%20by,MT%20simply%20discarded%20in%20wasteyards.  https://www.nswai.org/docs/Scenario%20of%20solid%20waste%20management%20in%20present%20Indian%20context.pdf",2021,,
,,,,,,,Electronic waste,14.2,Tonnes,1601155.36,700000,1601155.36,1,1,0.142,,,,,,,CPCB-E-waste management 2021-22,https://pib.gov.in/PressReleseDetailm.aspx?PRID=1941054      https://www.moneycontrol.com/news/india/india-processed-only-33-of-e-waste-it-generated-in-fy22-haryana-uttarakhand-lead-in-collection-and-processing-10340491.html,2022,,
,,,,,,,So₂ emissions,14.2,MtCO2e/year,21827.66667,2519.93,21827.66667,1,1,0.142,,,,,,,,"https://www.thehindu.com/sci-tech/energy-and-environment/india-worlds-largest-emitter-of-sulphur-dioxide-emissions-see-drop-in-2019-report/article32803030.ece#:~:text=Also%20read%3A%20India%20largest%20SO2%20emitter%20in%20world%3A%20Greenpeace&text=and%20premature%20death.-,In%202019%2C%20India%20emitted%2021%25%20of%20global%20anthropogenic%20(human,at%202%2C156%20kt%20per%20annum.",,,
,,,,,,,Nitrogen emissions,14.2,Mt CO2e/year,0.19,0.09,0.19,1,1,0.142,,,,,,,https://ourworldindata.org/co2/country/india,https://knoema.com/atlas/India/topics/Environment/Emissions/Nitrous-oxide-emissions   https://www.statista.com/statistics/1284618/india-nitrous-oxide-emission-sector-shares/,,,
,,,,,,,Non-recycled waste (plastic ones only),14.2,kg/year,2.20785986,2.6,0.5,0.1867334,0.1867334,0.026516143,,,,,,,https://cpcb.nic.in/uploads/plasticwaste/Annual_Report_2019-20_PWM.pdf,https://economictimes.indiatimes.com/news/india/india-recycles-only-30-per-cent-of-3-4-mt-plastic-waste-generated-annually-report/articleshow/96918352.cms,,,
,Intrinsic drivers index (IDI),33.33,Human health,33.33,"Reproductive, maternal, new-born and child health",16.66,Maternal health,25,MMR/lakh live births,90,398,90,1,1,0.25,0.75,0.12495,0.614676303,0.204871612,0.531236313,0.177061063,https://pubmed.ncbi.nlm.nih.gov/34455679/#&gid=article-figures&pid=figure-1-uid-0,"https://pib.gov.in/FeaturesDeatils.aspx?NoteId=151238&ModuleId%20=%202#:~:text=MMR%20in%20the%20country%20declined,MMR%20of%20211%20(2017).",,,
,,,,,,,Neonatal health,25,per 1000 live birth,24.9,52,24.9,1,1,0.25,,,,,,,"https://www.ncbi.nlm.nih.gov/pmc/articles/PMC5144119/#:~:text=The%20neonatal%20mortality%20rate%20(NMR)%20declined%20from,2013%2C%20but%20the%20rate%20of%20decline%20has",https://pib.gov.in/PressReleseDetail.aspx?PRID=1894904,2019-21,,
,,,,,,,Child health,25,deaths per 1000 live births,30.6,126.5,30.6,1,1,0.25,,,,,,,,"https://data.unicef.org/country/ind/    https://www.downtoearth.org.in/news/governance/as-told-to-parliament-july-28-2023-33-8-children-under-5-years-of-age-are-stunted-57-women-are-anaemic-90907#:~:text=The%20overall%20under%20five%20mortality,direct%20deaths%20due%20to%20malnutrition.",2023,,
,,,,,,,Adolescent fertility,25,births per 1000 women aged between 15-19,17.234,17.234,157.879,0,0,0,,,,,,,https://fred.stlouisfed.org/series/SPADOTFRTIND,"https://www.orfonline.org/expert-speak/celebrating-the-reduction-of-adolescent-fertility-rate/#:~:text=Latest%20data%20indicate%20that%207,when%20compared%20to%20urban%20areas.",,,
,,,,,Infectious diseases,16.66,Tuberculosis,20,,210,390.22,210,1,1,0.2,0.787383134,0.13117803,,,,,https://tbfacts.org/tb-statistics-india/,"https://pib.gov.in/PressReleasePage.aspx?PRID=1808092#:~:text=More%20than%2040%25%20of%20the,Medical%20Officer%2C%20National%20Tuberculosis%20Institute",2016,,
,,,,,,,HIV,20,incidence rate per lakh,5,38,3,0.942857143,0.942857143,0.188571429,,,,,,,https://www.frontiersin.org/files/Articles/1093310/fpubh-11-1093310-HTML/image_m/fpubh-11-1093310-g001.jpg,https://naco.gov.in/sites/default/files/India%20HIV%20Estimates%202021%20_Fact%20Sheets__Final_Shared_24_08_2022.pdf,2021,,
,,,,,,,Malaria,20,cases,"20,31,790","20,31,790","3,38,494",0,0,0,,,,,,,,https://www.pib.gov.in/PressReleasePage.aspx?PRID=1677601,2016,,
,,,,,,,Neglected tropical diseases,20,number of people recquiring intervention ,"67,72,90,119.00","8,40,60,09,271.00","63,10,95,664.00",0.994058525,0.994058525,0.198811705,,,,,,,SDG Country Profiles,https://www.ncbi.nlm.nih.gov/pmc/articles/PMC5863936/,2016,,
,,,,,,,COVID-19,20,cases per day,0,"4,12,618",0,1,1,0.2,,,,,,,https://www.worldometers.info/coronavirus/country/india/,https://covid19.who.int/region/searo/country/in,2023,,
,,,,,Non-communicable diseases and mental health,16.66,Cardiovascular disease,20,% prevalance,5681,5681,5450,0,0,0,0,0,,,,,https://www.ncbi.nlm.nih.gov/pmc/articles/PMC9755955/,"https://www.who.int/india/health-topics/cardiovascular-diseases#:~:text=In%202016%20India%20reported%2063,well%20as%20overweight%20and%20obesity.",2016,,
,,,,,,,Neoplasms,20,per lakh population,100.4,100.4,63.4,0,0,0,,,,,,,https://ascopubs.org/doi/full/10.1200/JGO.19.00048#,"https://www.ncbi.nlm.nih.gov/pmc/articles/PMC10231735/#:~:text=The%20estimated%20number%20of%20cancer,12%2C176%20(95.6%20per%20100%2C000).",2022,,
,,,,,,,Diabetes mellitus,20,crores,10.1,10.1,2.6,0,0,0,,,,,,,"https://www.thelancet.com/journals/langlo/article/PIIS2214-109X(18)30387-5/fulltext#:~:text=The%20prevalence%20of%20diabetes%20in%20adults%20aged,in%201990%20to%207%C2%B77%%20(6%C2%B79%E2%80%938%C2%B74)%20in%202016.","https://pib.gov.in/PressReleasePage.aspx?PRID=1944600#:~:text=As%20per%20Indian%20Council%20of,of%20diabetes%20is%2010.1%20crores.",2019-21,,
,,,,,,,Chronic respiratory disease,20,,7,7,4.5,0,0,0,,,,,,,"https://www.ncbi.nlm.nih.gov/pmc/articles/PMC8397327/#:~:text=Using%20the%20meta%2Danalysis%20process,to%2012.1%25%20%5B24%5D.","https://www.thelancet.com/journals/lanres/article/PIIS2213-2600(20)30105-3/fulltext    https://www.ipcrg.org/india#:~:text=India%20contributes%20to%2015.69%25%20of,world%2C%20a%20whopping%2055.23%20Million.",2017,,
,,,,,,,Suicide,20,,14.04,14.04,7.9,0,0,0,,,,,,,,"https://www.thelancet.com/journals/lansea/article/PIIS2772-3682(23)00125-7/fulltext#:~:text=Suicide%20mortality%20in%20India%3A%20a%20nationally%20representative%20survey.&text=While%20India's%20suicide%20rate%20of,from%20India%20cannot%20be%20overlooked.&text=Global%20burden%20of%20disease%20study%202019%20(GBD%202019)%20results.",2019 (study published in 2023),,
,,,,,Injuries and violence,16.66,Road traffic,33.33,,55442,464674,47829,0.981736617,0.981736617,0.327212814,0.927152814,0.154463659,,,,,https://www.indiastat.com/Home/DataSearch?Keyword=ROAD%20TRAFFIC,https://www.indiastat.com/table/industries/month-segment-wise-sales-total-passenger-vehicles-/1435945,2022,,
,,,,,,,Unintentional poisoning,33.33,per lakh population,1.7,2.1,1.6,0.8,0.8,0.26664,,,,,,,,"https://www.statista.com/statistics/1132542/india-mortality-rate-due-to-unintentional-poisoning/#:~:text=Mortality%20rate%20due%20to%20unintentional%20poisoning%20India%202015%2D2021&text=In%202021%2C%20more%20than%20one,gradually%20decreased%20over%20the%20years.",2021,,
,,,,,,,Homicide,33.33,cases per lakh population,2.91,5.47,2.91,1,1,0.3333,,,,,,,,https://knoema.com/atlas/India/Homicide-rate,2021,,
,,,,,Universal health coverage and health systems,16.66,Health coverage,25,in millions,514,365,514,1,1,0.25,0.558397683,0.093029054,,,,,,https://www.statista.com/statistics/657244/number-of-people-with-health-insurance-india/,2021,,
,,,,,,,Research and development Expenditure on health issues,25,crores in Rs.,50000,38000,112000,0.162162162,0.162162162,0.040540541,,,,,,,,https://dst.gov.in/sites/default/files/R%26D%20Statistics%20at%20a%20Glance%2C%202022-23.pdf,2022-23,,
,,,,,,,Domestic health expenditure,25,% of GDP,2.96,2.86,4.26,0.071428571,0.071428571,0.017857143,,,,,,,,https://data.worldbank.org/indicator/SH.XPD.CHEX.GD.ZS?locations=IN,2020,,
,,,,,,,Infants’ vaccination,25,% ,76,44.7,76,1,1,0.25,,,,,,,,"https://www.ncbi.nlm.nih.gov/pmc/articles/PMC10205789/#:~:text=Overall%2C%20childhood%20full%20vaccination%20coverage,Fig.",2015-16,,
,,,,,Health risk,16.66,"Unsafe or unimproved water, sanitation and hygiene",33.33,,2241.11,10962.78,2241.11,1,1,0.3333,0.6666,0.11105556,,,,,,Indicators | Data (albankaldawli.org),,,
,,,,,,,Household air pollution,33.33,thousand deaths,607,1040,607,1,1,0.3333,,,,,,,,https://www.statista.com/statistics/935669/india-average-annual-deaths-from-household-air-pollution-from-solid-fuels/,,,
,,,,,,,Occupational risks,33.33,,1.9,,,#DIV/0!,0,0,,,,,,,,"http://www.nihfw.org/NationalHealthProgramme/NATIONALPROGRAMMEFORCONTROL.html#:~:text=There%20are%20100%20million%20occupational,in%20world)%20occur%20each%20year.",,,
,,,Animal health and ecosystem diversity,33.33,Animal epidemic disease,25,Diseases of domestic animal,50,Million cases,6.48,338,6.48,1,1,0.5,1,0.25,0.556964423,0.185636242,,,,WAHIS (woah.org),,,
,,,,,,,Diseases of wild animal,50,Thousand cases,1,1.14,1,1,1,0.5,,,,,,,,WAHIS (woah.org),,,
,,,,,Animal welfare,25,Overexploited or collapsed stocks Fish,33.33,% of total catch,0.07,0.1,0,0.3,0.3,0.09999,0.311157692,0.077789423,,,,,,https://epi.yale.edu/epi-results/2022/component/fss,,,
,,,,,,,Trawling or dredging fish,33.33,% of total catch,0.55,0.56,0.01,0.018181818,0.018181818,0.00606,,,,,,,,https://epi.yale.edu/datavis-dashboard,,,
,,,,,,,Discarded fish,33.33,Million,10,18,5,0.615384615,0.615384615,0.205107692,,,,,,,https://www.thestatesman.com/technology/science/ten-million-tonnes-of-fish-get-wasted-every-year-1498563644.html,,,,
,,,,,Animal nutritional status,25,Chicken meat production efficiency,25,Million Mt,4.2,0.081,4.2,1,1,0.25,0.75,0.1875,,,,,,"https://www.pashudhanpraharee.com/current-aspects-of-indian-poultry-meat-industry/#:~:text=India%20produced%209.29%20million%20tonnes,during%20the%20last%20two%20decades.   https://www.statista.com/statistics/826699/india-poultry-meat-production-volume/#:~:text=The%20production%20volume%20of%20poultry,that%20year%2C%20followed%20by%20Haryana.",2023,,
,,,,,,,Pig meat production efficiency,25,kg per capita,0.23,0.23,0.49,0,0,0,,,,,,,"https://agritech.tnau.ac.in/farm_enterprises/Farm%20enterprises_%20piggery.html#:~:text=During%202001%2D02%20the%20production,1981%20to%200.63%20in%202002.    https://www.helgilibrary.com/indicators/pork-meat-consumption-per-capita/india/#:~:text=Pork%20meat%20consumption%20per%20capita%20reached%200.230%20kg%20in%202021,of%200.230%20kg%20in%202021.",https://dahd.nic.in/sites/default/filess/NAP%20on%20Pig%20.pdf,2014-15,,
,,,,,,,Cattle production efficiency,25,kg peranimal per year,1777,1388.82,1777,1,1,0.25,,,,,,,https://pib.gov.in/PressReleaseIframePage.aspx?PRID=1707187,https://www.vetextension.com/livestock-production-statistics-of-india-2022/,2022,,
,,,,,,,Cattle milk production efficiency,25,Million tons,221.06,17,221.06,1,1,0.25,,,,,,,,https://www.vetextension.com/livestock-production-statistics-of-india-2022/,2021-22,,
,,,,,Animal biodiversity,25,Endemic mammal species,16.67,number,60,44,,,0,0,0.1667,0.041675,,,,,https://www.cbd.int/doc/world/in/in-nr-05-en.pdf,https://lntreasures.com/indiam.html,2020,,
,,,,,,,Endemic bird species,16.67,number ,78,50,78,1,1,0.1667,,,,,,,,"https://www.thehindu.com/sci-tech/energy-and-environment/5-of-birds-in-india-are-endemic-reveals-zoological-survey-of-india-publication/article67162268.ece#:~:text=India%20is%20home%20to%201%2C353,in%20the%20last%20few%20decades.",2023,,
,,,,,,,Endemic amphibian species,16.67,number ,349,167,,,0,0,,,,,,,https://ourworldindata.org/grapher/endemic-amphibian-species-by-country       https://lntreasures.com/indiam.html,"https://www.indianamphibians.org/#:~:text=Approximately%20472%20species%20of%20amphibians,about%2050%25%20of%20them%20endemic.",2020,,
,,,,,,,Endemic reef-forming coral species,16.67,number ,76,  ,,#VALUE!,0,0,,,,,,,https://icriforum.org/wp-content/uploads/2022/03/GCRMN_Status_of_Coral_Reef_Monitoring_-_An_Assessment_of_Methods_and_Data_at_the_National_Level_-_WEB.pdf,https://icriforum.org/wp-content/uploads/2022/03/GCRMN_Status_of_Coral_Reef_Monitoring_-_An_Assessment_of_Methods_and_Data_at_the_National_Level_-_WEB.pdf,2020,,
,,,,,,,Endemic freshwater crab species,16.67,number ,60,,,#DIV/0!,0,0,,,,,,,https://ourworldindata.org/grapher/endemic-freshwater-crab-species?tab=table,https://faunaofindia.nic.in/PDFVolumes/occpapers/363/index.pdf,2012,,
,,,,,,,Endemic shark and ray species,16.67,number ,4,155,,,0,0,,,,,,,https://india.mongabay.com/2022/03/india-needs-more-conservation-relevant-research-on-sharks-and-rays/,https://ourworldindata.org/grapher/endemic-shark-and-ray-species,2020,,
,,,Environmental health,33.33,Air quality and climate change,20,Ambient particulate matter pollution,20,microgram per cubic meter air,2706.53,1771.82,2808.19,0.90190762,0.90190762,0.180381524,0.428733172,0.085746634,0.4222276,0.140728459,,,https://www.statista.com/statistics/935636/india-pm-air-pollution-exposure/  ,"https://www.ncbi.nlm.nih.gov/pmc/articles/PMC7805008/#:~:text=The%20annual%20average%20population%2Dweighted,9)%20in%20India%20in%202019.",2019,,
,,,,,,,Household solid fuels,20,proportion,0.61,0.82,0.61,1,1,0.2,,,,,,,,"https://www.statista.com/statistics/935648/india-household-air-pollution-proportion-from-solid-fuels/#:~:text=The%20proportion%20of%20India's%20population,in%20the%20households%20across%20India.",2019,,
,,,,,,,Ambient ozone pollution,20,Millions,3.06,3.06,0.9,0,0,0,,,,,,,,https://www.statista.com/statistics/935758/india-daly-number-from-ambient-ozone-pollution/,2019,,
,,,,,,,Climate risk,20,,44.6,42.4,51.5,0.241758242,0.241758242,0.048351648,,,,,,,https://climateknowledgeportal.worldbank.org/sites/default/files/country-profiles/15503-WB_India%20Country%20Profile-WEB.pdf   https://gain.nd.edu/our-work/country-index/rankings/,"https://www.orfonline.org/research/from-risk-to-resilience/#:~:text=The%20country%20is%20already%20experiencing,events%3B%20India%20was%20ranked%20seventh",,,
,,,,,,,Greenhouse gas,20,MtCO2e/year,2.77,2.77,1.18,0,0,0,,,,,,,https://ourworldindata.org/co2/country/india,https://www.statista.com/topics/8881/emissions-in-india/#topicOverview,2021,3.9 Bn Metric ton CO2 equivalent,
,,,,,Land resources,20,Area at risk elevation,20,,,,,#DIV/0!,0,0,0.063739377,0.012747875,,,,,,,,,
,,,,,,,Tree cover loss,20,kha,144,189,47.8,0.318696884,0.318696884,0.063739377,,,,,,,,https://www.globalforestwatch.org/dashboards/country/IND/,2022,,
,,,,,,,Grassland loss,20,,12.3,12.3,44.4,0,0,0,,,,,,,"http://20.244.136.131/research/towards-a-systems-approach-to-the-management-of-grasslands-in-india#:~:text=The%20total%20area%20under%20grasslands,acres)%20between%202005%20and%202015.", https://www.sciencedirect.com/science/article/pii/S0921818114001283,2019,,
,,,,,,,Wetland loss,20,Mha,1.326677,1.326677,15.3,0,0,0,,,,,,,"https://byjusexamprep.com/upsc-exam/ramsar-sites-in-india#:~:text=They%20are%20found%20where%20the,India%20as%20of%20January%202023.&text=2.",https://www.sciencedirect.com/science/article/pii/S221458181400010X,1993-2023,,
,,,,,,,Mineral depletion,20,Billion USD,29.56982347,29.56982347,0.057479195,0,0,0,,,,,,,https://data.worldbank.org/indicator/NY.ADJ.DMIN.CD?locations=IN,https://tradingeconomics.com/india/adjusted-savings-mineral-depletion-us-dollar-wb-data.html,2021,,
,,,,,Sanitation and water resources,20,Freshwater,33.33,,647.5,380,655.58,0.97068002,0.97068002,0.323527651,0.656827651,0.13136553,,,,,https://ourworldindata.org/water-use-stress,"https://www.ide-india.org/content/water-india-facts#:~:text=India%20has%20just%204%25%20of,16%25%20of%20the%20global%20population.",,,
,,,,,,,Clean drinking water,33.33,,18.30,8.60,18.30,1,1,0.3333,,,,,,,http://epi.yale.edu/,,,,
,,,,,,,Renewable internal freshwater resources,33.33,,1035.53,1035.53,3168.61,0,0,0,,,,,,,,https://data.worldbank.org/indicator/ER.H2O.INTR.PC,2020,,
,,,,,Hazardous chemicals,20,Fertilizer consumption,14.28,,63.94,1.7,63.94,1,1,0.1428,0.628537802,0.12570756,,,,,,https://www.faidelhi.org/general/AR-Ex-Sum.pdf,2021-22,,
,,,,,,,Controlled solid waste,14.28,,119.07,132.78,118.68,0.972340426,0.972340426,0.138850213,,,,,,,,https://cpcb.nic.in/uploads/MSW/MSW_AnnualReport_2020-21.pdf,2021-22,27-11-2023,
,,,,,,,So2 growth,14.28,,5.953,15,4.5,0.861619048,0.861619048,0.1230392,,,,,,,"https://www.ncbi.nlm.nih.gov/pmc/articles/PMC9189448/#:~:text=Aas%20et%20al.-,2019).,Crippa%20et%20al.",https://www.thehindu.com/sci-tech/energy-and-environment/india-worlds-largest-emitter-of-sulphur-dioxide-emissions-see-drop-in-2019-report/article32803030.ece,2019,,
,,,,,,,Nox growth,14.28,in tonnes of co2 equivalent,0.19,0.19,0.09,0,0,0,,,,,,,,https://ourworldindata.org/co2/country/india,2021,27-11-2023,
,,,,,,,Wastewater treatment,14.28,Million Liters per Day,26869,18883,26869,1,1,0.1428,,,,,,,https://www.niti.gov.in/sites/default/files/2022-09/Waste-Water-A4_20092022.pdf,https://pib.gov.in/PressReleseDetail.aspx?PRID=1882807,2022-23,,
,,,,,,,Electronic waste,14.28,,16.0115536,32,3.82979,0.567565751,0.567565751,0.081048389,,,,,,,"https://www.meity.gov.in/writereaddata/files/EWaste_Sep11_892011.pdf   https://www.nature.com/articles/d44151-023-00163-4#:~:text=India%20is%20a%20third%20largest,be%20contributed%20by%20mobile%20phones.",https://pib.gov.in/PressReleasePage.aspx?PRID=1941054,2021-22,,
,,,,,,,Non-recycled municipal solid waste,14.28,,,,,#DIV/0!,0,0,,,,,,,https://borgenproject.org/indias-waste-management/,https://neptjournal.com/upload-images/(48)B-3733.pdf,2020,,
,,,,,Environmental biodiversity,20,Protected areas representativeness,33.33,,0.03,0.03,0.05,0,0,0,0.3333,0.06666,,,,,https://wiienvis.nic.in/database/protected_area_854.aspx,"https://www.fao.org/3/XII/0449-B3.htm    https://epi.yale.edu/epi-results/2020/component/par#:~:text=The%20Protected%20Areas%20Representativeness%20Index,biological%20records%20of%20species'%20locations.",2020,,
,,,,,,,Species habitat,33.33,,175169.42,146665.6,175169.42,1,1,0.3333,,,,,,,,"https://wii.gov.in/nwdc_aboutus#:~:text=India%20has%20a%20network%20of,country%20which%20is%20approximately%205.32%25.",1998,,
,,,,,,,Biodiversity habitat,33.33,,0.31,,,#DIV/0!,0,0,,,,,,,,http://nbaindia.org/uploaded/pdf/India_Naturally_Fourth_Edition.pdf,2022,,
,Core drivers index (CDI),33.33,Governance,20,Participation,12.5,Global connectivity,25,Score,37,27,37,1,1,0.25,0.38372093,0.047965116,0.318742658,0.063748532,0.261099413,0.087024434,https://www.huawei.com/minisite/gci/en/country-rankings.html,"https://datareportal.com/reports/digital-2023-india#:~:text=Data%20from%20GSMA%20Intelligence%20shows,total%20population%20in%20January%202023.",2023,,
,,,,,,,Risk communication,25,,80,57,100,0.534883721,0.534883721,0.13372093,,,,,,,https://www.who.int/data/gho/data/indicators/indicator-details/GHO/risk-communication-ihr-spar,https://ncdc.gov.in/WriteReadData/l892s/File593.pdf,,,
,,,,,,,One Health association,25,,,,,#DIV/0!,0,0,,,,,,,,https://pib.gov.in/PressReleasePage.aspx?PRID=1779757,,,
,,,,,,,One Health forums,25,,,,,#DIV/0!,0,0,,,,,,,,https://www.gfar.net/events/public-forum-one-health-all    https://www.psa.gov.in/innerPage/psa-initiatives-covid/one-health-mission/4053,,,
,,,,,Rule of law,12.5,General rule of law,50,Index,0.49,0.49,0.52,0,0,0,0,0,,,,,https://worldjusticeproject.org/rule-of-law-index/country/India,https://timesofindia.indiatimes.com/india/now-govt-eyes-better-rule-of-law-index-score/articleshow/96655787.cms,2023,,
,,,,,,,One Health specialized law & regulation,50,,,,,#DIV/0!,0,0,,,,,,,,,,,
,,,,,Transparency,12.5,Transparency,100,score,85,76,94,0.5,0.5,0.5,0.5,0.0625,,,,,,"https://www.transparency.org/en/countries/india    https://tradingeconomics.com/india/corruption-rank#:~:text=source%3A%20Transparency%20International-,India%20is%20the%2085%20least%20corrupt%20nation%20out%20of%20180,Index%20reported%20by%20Transparency%20International.",2022,,
,,,,,Responsiveness,12.5,Emergency response operation,50,,,,,#DIV/0!,0,0,0,0,,,,,,,,,
,,,,,,,Exercising response plans,50,,,,,#DIV/0!,0,0,,,,,,,,,,,
,,,,,Concensus oriented,12.5,Consensus oriented,50,,28.7,,38.4,,0,0,0,0,,,,,,https://copenhagenconsensus.com/india-consensus,,,
,,,,,,,One Health education,50,,,,,#DIV/0!,0,0,,,,,,,,,,,
,,,,,Equity and inclusiveness,12.5,Zoonotic disease governance,33.33,,0.888888889,,,#DIV/0!,0,0,0,0,,,,,,"https://ncdc.mohfw.gov.in/index1.php?lang=1&level=1&sublinkid=105&lid=56#:~:text=32%20States%20have%20formed%20State,and%20control%20of%20zoonotic%20diseases.",,,
,,,,,,,Protected areas representativeness,33.33,Index,0.03,0.03,0.05,0,0,0,,,,,,,,http://epi.yale.edu/,,,
,,,,,,,Sustainable nitrogen management,33.33,Index,0.89,0.89,0.94,0,0,0,,,,,,,,https://epi.yale.edu/datavis-dashboard,2020,,
,,,,,improve awareness and understanding,12.5,Government effectiveness,100,Points,0.37033,-0.22216,0.37504,0.992113195,0.992113195,0.992113195,0.992113195,0.124014149,,,,,,https://tradingeconomics.com/india/government-effectiveness-estimate-wb-data.html,2021,"(-2.5,2.5)",
,,,,,Political support,12.5,One Health official department,25,,,,,#DIV/0!,0,0,0.674107143,0.084263393,,,,,,https://ncdc.gov.in/index1.php?lang=1&level=1&sublinkid=105&lid=56,,,
,,,,,,,Control of corruption,25,Points,-0.21,-0.56,-0.21,1,1,0.25,,,,,,,,https://www.theglobaleconomy.com/India/wb_corruption/,2021,"(-2.5,2.5)",
,,,,,,,Regulatory quality,25,Points,-0.08,-0.55,-0.08,1,1,0.25,,,,,,,,"https://www.theglobaleconomy.com/India/wb_regulatory_quality/#:~:text=Regulatory%20quality%20index%20(%2D2.5%20weak%3B%202.5%20strong)&text=The%20average%20value%20for%20India,191%20countries%20is%20%2D0.04%20points.",2021,"(-2.5,2.5)",
,,,,,,,Government spending,25,% of GDP,10.5,6.6,12.2,0.696428571,0.696428571,0.174107143,,,,,,,https://data.worldbank.org/indicator/NE.CON.GOVT.ZS?locations=IN,"https://prsindia.org/budgets/parliament/union-budget-2022-23-analysis#:~:text=Total%20Expenditure%3A%20The%20government%20is,revised%20estimate%20of%202021%2D22.",2022-23,,
,,,Zoonotic diseases,20,Source of infection,20,Strategy and regulation,33.33,,,,,#DIV/0!,0,0,0.484586218,0.096917244,0.522310344,0.104462069,,,,,,,
,,,,,,,Surveillance and response,33.33,,1714,2679,553,0.453904045,0.453904045,0.151286218,,,,,,,https://ncdc.mohfw.gov.in/integrated-disease-surveillance-programme/,https://idsp.mohfw.gov.in/,,,
,,,,,,,Sanitation,33.33,Score,78,14,78,1,1,0.3333,,,,,,,https://data.worldbank.org/indicator/SH.STA.BASS.ZS?locations=IN,"https://main.mohfw.gov.in/sites/default/files/NFHS-5_Phase-II_0.pdf    https://thewire.in/government/nfhs-5-sanitation-open-defecation#:~:text=The%20figure%20also%20informs%20us,18%25%20to%20achieve%20ODF%20status.",2019-21,,
,,,,,Route of transmission,20,Detection,50,Score,43.5,37.2,43.5,1,1,0.5,0.5,0.1,,,,,https://ghsindex.org/,https://www.financialexpress.com/healthcare/healthtech/early-disease-detection-made-easy-with-ai-is-india-ready-for-this-revolution/3121693/,,,
,,,,,,,Vector and reservoir interventions,50,,,,,#DIV/0!,0,0,,,,,,,,,,,
,,,,,Targeted population,20,Vaccination regulation,33.33,,,,,#DIV/0!,0,0,0.3333,0.06666,,,,,https://www.who.int/india/news/detail/12-07-2017-national-regulatory-authority-of-india-meets-who-international-standards-for-vaccine-regulations,https://www.mohfw.gov.in/,,,
,,,,,,,Population coverage and cost of interventions,33.33,,54.4,,,#DIV/0!,0,0,,,,,,,,http://www.shyaminstitute.in/hsperformance.pdf,,,
,,,,,,,Inhabitants below 5 meters above sea level,33.33,% of total population,1.9,2,1.9,1,1,0.3333,,,,,,,https://data.worldbank.org/indicator/EN.POP.EL5M.ZS?end=2015&locations=IN&start=1990&view=chart,https://data.worldbank.org/indicator/EN.ATM.METH.AG.KT.CE?locations=IN&year_high_des=null,,,
,,,,,Capacity building,20,Zoonosis health promotion,50,,,,,,0,0,0.5,0.1,,,,,,https://data.worldbank.org/indicator/ER.PTD.TOTL.ZS?locations=IN,,,
,,,,,,,Natural protected areas,50,% of total territorial area,4.4,3.5,4.4,1,1,0.5,,,,,,,https://data.worldbank.org/indicator/ER.PTD.TOTL.ZS?locations=IN,"https://wii.gov.in/nwdc_aboutus#:~:text=India%20has%20a%20network%20of,country%20which%20is%20approximately%205.32%25.",,,
,,,,,Outcomes (case-studies),20,COVID-19 confirmed cases,20,,415,2738957,0,0.999848482,0.999848482,0.199969696,0.793665502,0.1587331,,,,,https://covid19.who.int/region/searo/country/in,https://www.mygov.in/covid-19/  https://covid19.who.int/region/searo/country/in   ,ad : 27 November 2023,,
,,,,,,,Human DALYs of echinococcosis,20,,,,,#DIV/0!,0,0,,,,,,,,,,,
,,,,,,,Human DALYs of leishmaniasis,20,Rate,5.46,170.76,0.08,0.968479025,0.968479025,0.193695805,,,,,,,https://vizhub.healthdata.org/gbd-results/,https://journals.plos.org › plosone › article › file,2019,,
,,,,,,,Human DALYs of rabies,20,Rate,13.79,89.1,13.79,1,1,0.2,,,,,,,https://vizhub.healthdata.org/gbd-results/,https://ncdc.mohfw.gov.in/WriteReadData/linkimages/RabiesGeneralAspectsLaboratoryDiagnosticTechniques2022.pdf,,,
,,,,,,,Human DALYs of tuberculosis,20,Rate,"1,064.54","3,099.41","1,064.54",1,1,0.2,,,,,,,https://vizhub.healthdata.org/gbd-results/,https://tbcindia.gov.in/WriteReadData/TB%20India%202017.pdf,2015,,
,,,Food security,20,Food demand and supply,20,Food demand score (SECURITY),20,Score,58.9,53.7,59.3,0.928571429,0.928571429,0.185714286,0.574285714,0.114857143,0.298988563,0.059797713,,,https://www.themirrority.com/data/food-security-index,https://documents.wfp.org/stellent/groups/public/documents/ena/wfp196627.pdf,,,
,,,,,,,Food loss and waste,20,,,,,#DIV/0!,0,0,,,,,,,,https://www.indiatimes.com/explainers/news/steps-you-can-take-to-reduce-food-wastage-and-its-impact-594946.html,2023, UNEP's (United Nations Environment Programme) food wastage index report,
,,,,,,,Infrastructures score,20,,3.4,3.07,3.42,0.942857143,0.942857143,0.188571429,,,,,,,https://lpi.worldbank.org/2016,https://gain-new.crc.nd.edu/ranking/readiness,2019,,
,,,,,,,Food import score,20,,,,,#DIV/0!,0,0,,,,,,,,,,,
,,,,,,,Food production score,20,Index,123.8,22.3,123.8,1,1,0.2,,,,,,,https://data.worldbank.org/indicator/AG.PRD.FOOD.XD?locations=IN,https://pib.gov.in/PressReleasePage.aspx?PRID=1894899,2021-22,,
,,,,,Food safety,20,Food safety governance,25,,,,,#DIV/0!,0,0,0.125,0.025,,,,,,,,,
,,,,,,,Food quality control,25,,,,,#DIV/0!,0,0,,,,,,,,https://www.statista.com/statistics/1239483/india-food-quality-and-safety-index-by-category/   https://currentaffairs.adda247.com/state-food-safety-index-2022-2023/   https://www.fssai.gov.in/upload/uploadfiles/files/Report_SFSI_20_09_2021.pdf,2022,,
,,,,,,,Food safety score,25,Score,60,60,60,#DIV/0!,0.5,0.125,,,,,,,,https://www.who.int/data/gho/data/indicators/indicator-details/GHO/food-safety-spar,,,
,,,,,,,Foodborne illness burden,25,,,,,#DIV/0!,0,0,,,,,,,,https://ncdc.mohfw.gov.in/WriteReadData/linkimages/CD%20Alert4053017156.pdf,,,
,,,,,Nutrition,20,Food balance,33.33,,,,,#DIV/0!,0,0,0.0956571,0.01913142,,,,,,https://ncdc.mohfw.gov.in/WriteReadData/linkimages/CD%20Alert4053017156.pdf,2023,,
,,,,,,,Nutrition promoting capacity,33.33,,,,,#DIV/0!,0,0,,,,,,,,,,,
,,,,,,,Nutrition score,33.33,Score,28.7,38.4,28.7,0.287,0.287,0.0956571,,,,,,,"https://www.globalhungerindex.org/india.html#:~:text=India's%202023%20GHI%20score%20is,%2C%20respectively%2C%20both%20considered%20alarming.",https://righttoprotein.com/assets/pdf/India-Nutrition-Awareness-Index_2023.pdf,,,
,,,,,Natural and social circumstances,20,Famine warning,20,,,,,#REF!,0,0,0.2,0.04,,,,,,,,,
,,,,,,,Natural sources sustainability in Land and Water,20,,,,,#DIV/0!,0,0,,,,,,,,https://indiawris.gov.in/wris/#/,,,
,,,,,,,Economic performance index,20,,,,,#DIV/0!,0,0,,,,,,,,https://epi.yale.edu/epi-results/2022/component/epi,2022,,
,,,,,,,Agriculture value added per worker,20,USD,2228.71,990.88,2228.71,1,1,0.2,,,,,,,https://www.fao.org/faostat/en/#data/OEA,"https://www.statista.com/statistics/1131117/india-gross-value-added-in-agriculture-per-worker/#:~:text=In%20financial%20year%202023%2C%20India's,increase%20from%20the%20previous%20year.",,,
,,,,,,,Food price indicators,20,"Consumer prices, Food Indices",143.27984,143.27984,38.74011592,0,0,0,,,,,,,https://www.fao.org/faostat/en/#data/CP,"https://www.ceicdata.com/en/india/consumer-price-index-2012100/consumer-price-index-food-and-beverages-cereals-and-products#:~:text=and%20Programme%20Implementation-,India%20Consumer%20Price%20Index%20(CPI)%3A%20Food%20and%20Beverages%3A%20Cereals,2012%3D100%20for%20Aug%202023.",,,
,,,,,Government support and response,20,Investment and financial support Score,50,million USD,21280.35,3470.46,21280.35,1,1,0.5,0.5,0.1,,,,,,https://www.fao.org/faostat/en/#data/IG,,,
,,,,,,,Training and AI agriculture performance score,50,,,,,#DIV/0!,0,0,,,,,,,,,,,
,,,Antimicrobial resistance,20,AMR surveillance system,20,Antimicrobial consumption both in human and animals,33.33,,,,,#DIV/0!,0,0,0,0,0,0,,,,"https://www.thelancet.com/journals/lansea/article/PIIS2772-36822200030-0/fulltext#:~:text=Findings.%20The%20total%20DDDs%20consumed%20in%202019,DDDs%2C%20while%20Access%20contributed%2027.0%%20(1370%20million)    ",https://www.thelancet.com/action/showPdf?pii=S2772-3682%2822%2900030-0,,
,,,,,,,"Antimicrobial resistance status in human, animal and food",33.33,,,,,#DIV/0!,0,0,,,,,,,,,,,
,,,,,,,Environmental surveillance system,33.33,,,,,#DIV/0!,0,0,,,,,,,,,,,
,,,,,AMR laboratory network and coordination capacity,20,National AMR capacity,33.33,,,,,#DIV/0!,0,0,0,0,,,,,https://ncdc.gov.in/index1.php?lang=1&level=2&sublinkid=384&lid=344,https://main.icmr.nic.in/sites/default/files/upload_documents/AMR_Annual_Report_2021.pdf,,,
,,,,,,,Technical promotion scores in AMR,33.33,,,,,#DIV/0!,0,0,,,,,,,,,,,
,,,,,,,National action plan formulations,33.33,,,,,#DIV/0!,0,0,,,,,,,,https://ncdc.mohfw.gov.in/WriteReadData/l892s/File645.pdf,,,
,,,,,Antimicrobial control and optimization,20,National law for antibiotic use,33.33,,,,,#DIV/0!,0,0,0,0,,,,,,https://main.mohfw.gov.in/sites/default/files/3203490350abpolicy%20%281%29.pdf,,,
,,,,,,,Optimization of antimicrobial use,33.33,,,,,#DIV/0!,0,0,,,,,,,,,,,
,,,,,,,Interruption capacity of antimicrobial resistance transmission,33.33,,,,,#DIV/0!,0,0,,,,,,,,,,,
,,,,,Improve awareness and understanding,20,Raising awareness and understanding,50,,,,,#DIV/0!,0,0,0,0,,,,,,https://main.icmr.nic.in/sites/default/files/upload_documents/AMR_Annual_Report_2021.pdf,,,
,,,,,,,Professional training activities in multi-sectors,50,,,,,#DIV/0!,0,0,,,,,,,,https://ncdc.mohfw.gov.in/WriteReadData/l892s/File645.pdf,,,
,,,,,Antimicrobial resistance rate for important antibiotics,20,"Carbapenems-resistance for multi-species, e.g., Klebsiella pneumoniae, Acinetobacter baumannii, Escherichia coli, Pseudomonas aeruginosa",16.66,,,,,#DIV/0!,0,0,0,0,,,,,,,,,
,,,,,,,"Vancomycin-resistance for Enterococcus faecium, and Enterococcus faecalis",16.66,,,,,#DIV/0!,0,0,,,,,,,,"https://aricjournal.biomedcentral.com/articles/10.1186/s13756-023-01287-z#:~:text=The%20pooled%20prevalence%20of%20VRE%20in%20India%20was%20calculated%20at,faecium%20(724%20%5B19.66%25%5D).",,,
,,,,,,,"Third-generation Β-lactams-resistance for multi-species, e.g., Staphylococcus aureus, Klebsiella pneumoniae, Escherichia coli, Pseudomonas aeruginosa",16.66,,,,,#DIV/0!,0,0,,,,,,,,https://www.ncbi.nlm.nih.gov/pmc/articles/PMC4775002/,,,
,,,,,,,Macrolides-resistance for Streptococcus pneumoniae,16.66,,,,,#DIV/0!,0,0,,,,,,,,,,,
,,,,,,,Aminoglycosides-resistance for Klebsiella pneumoniae and Acinetobacter baumannii,16.66,,,,,#DIV/0!,0,0,,,,,,,,https://www.ncbi.nlm.nih.gov/pmc/articles/PMC10381092/,,,
,,,,,,,"Quinolone-resistance for Klebsiella pneumoniae, Escherichia coli, Acinetobacter baumannii",16.66,,,,,#DIV/0!,0,0,,,,,,,,,,,
,,,Climate change,20,Government response,33.33,Climate policy,33.33, MtCO2e/year,3.9,3.9,1.142,0,0,0,0,0,0.165455498,0.0330911,,,,"https://climateactiontracker.org/countries/india/#:~:text=An%20emissions%2Dintensity%20target%20of,and%20tree%20cover%20by%202030.",2023,,
,,,,,,,Climate knowledge system,33.33,,70.25,,,#DIV/0!,0,0,,,,,,,,https://cdsp.imdpune.gov.in/   https://climateknowledgeportal.worldbank.org/country/india/extremes,,,
,,,,,,,Climate intervention strategy,33.33,,,,,#DIV/0!,0,0,,,,,,,,https://www.ignfa.gov.in/document/national-response-to-climate-changedr-senthil-kumar.pdf,,,
,,,,,Climate change risks,33.33,Air condition score,25,μg/m³ - Most polluted country and region ranking based on annual average PM2.5 concentration,54.4,72.5,51.9,0.878640777,0.878640777,0.219660194,0.496416135,0.165455498,,,,,https://www.iqair.com/world-most-polluted-countries,https://www.aqi.in/in/dashboard/india,AD 4 DEC 2023,,
,,,,,,,"Extreme weather indicators, e.g. wildfires, droughts, floods, extreme temperatures",25,No of deaths due to various extreme weather events in India,777,6324,777,1,1,0.25,,,,,,,https://www.indiastat.com/table/total-natural-causes/number-deaths-due-various-extreme-weather-events-i/1413303,"https://pib.gov.in/Pressreleaseshare.aspx?PRID=1706082#:~:text=The%20index%20calculated%20for%20any,during%20most%20of%20the%20years.   https://www.ceew.in/sites/default/files/CEEW-Preparing-India-for-extreme-climate-events_10Dec20.pdf    https://www.ceew.in/publications/preparing-india-for-extreme-climate-change-events-and-weather-conditions#:~:text=Post%2D2005%2C%20at%20least%2055,increased%20to%20151%20in%202019.",2019,,
,,,,,,,"Energy use indicators, e.g. oil, natural gas, electricity, coal",25,Exajoules,42,42,16,0,0,0,,,,,,,https://www.bp.com/en/global/corporate/energy-economics/energy-outlook.html,"https://www.statista.com/statistics/1130112/india-electricity-consumption-share-by-sector/#:~:text=The%20industry%20sector%20accounted%20for,total%20electricity%20consumption%20in%20India.",2022,,
,,,,,,,Greenhouse gas emissions score,25,MtCO₂e,3200.82,3436.07,1237.96,0.107023761,0.107023761,0.02675594,,,,,,,Data Explorer | Climate Watch (climatewatchdata.org),"https://www.pib.gov.in/PressReleasePage.aspx?PRID=1832058#:~:text=An%20example%20of%20CCPI%202022,the%20index%20being%20as%2033.93.    https://www.hindustantimes.com/india-news/bhupender-yadav-india-contribution-global-greenhouse-gas-emission-climate-change-ht-g20-agenda-101684416163036.html",CCPI 2022,,
,,,,,Health outcome,33.33,Directly health outcome indicators,50,,,,,#DIV/0!,0,0,0,0,,,,,,,,,
,,,,,,,Indirectly health outcome indicators,50,,,,,#DIV/0!,0,0,,,,,,,,,,,
,,,,,,,,,,,,,,,,,,,,India's OHI,46.50914021,,,,,
,,,,,,,,,,,,,,,,,,,,,,,,,,
,,,,,,,,,,,,,,,,,,,,,,,,,,
